product,channel,variant,headline,body,display_url
Semaglutide,Google Search,A,Semaglutide Research Peptide,Lab-grade Semaglutide (Weight Management). Purity documented per batch. For scientific study. RUO.,rtpeptide.com
Semaglutide,Google Search,B,Buy Semaglutide Peptide,"Research-grade Semaglutide, Weight Management catalogue. CoA per batch. Not for human use. Enquire.",rtpeptide.com
Semaglutide,LinkedIn,A,Semaglutide — research peptide for lab study,Part of our Weight Management research catalogue. Supplied with CoA for qualified institutions. Research Use Only.,rtpeptide.com
Semaglutide,Native,A,What researchers should know about Semaglutide,"A look at Semaglutide (Weight Management) as a laboratory material — purity, documentation, and research framing. RUO.",rtpeptide.com
Tirzepatide,Google Search,A,Tirzepatide Research Peptide,Lab-grade Tirzepatide (Weight Management). Purity documented per batch. For scientific study. RUO.,rtpeptide.com
Tirzepatide,Google Search,B,Buy Tirzepatide Peptide,"Research-grade Tirzepatide, Weight Management catalogue. CoA per batch. Not for human use. Enquire.",rtpeptide.com
Tirzepatide,LinkedIn,A,Tirzepatide — research peptide for lab study,Part of our Weight Management research catalogue. Supplied with CoA for qualified institutions. Research Use Only.,rtpeptide.com
Tirzepatide,Native,A,What researchers should know about Tirzepatide,"A look at Tirzepatide (Weight Management) as a laboratory material — purity, documentation, and research framing. RUO.",rtpeptide.com
Retatrutide,Google Search,A,Retatrutide Research Peptide,Lab-grade Retatrutide (Weight Management). Purity documented per batch. For scientific study. RUO.,rtpeptide.com
Retatrutide,Google Search,B,Buy Retatrutide Peptide,"Research-grade Retatrutide, Weight Management catalogue. CoA per batch. Not for human use. Enquire.",rtpeptide.com
Retatrutide,LinkedIn,A,Retatrutide — research peptide for lab study,Part of our Weight Management research catalogue. Supplied with CoA for qualified institutions. Research Use Only.,rtpeptide.com
Retatrutide,Native,A,What researchers should know about Retatrutide,"A look at Retatrutide (Weight Management) as a laboratory material — purity, documentation, and research framing. RUO.",rtpeptide.com
BPC-157,Google Search,A,BPC-157 Research Peptide,Lab-grade BPC-157 (Healing & Repair). Purity documented per batch. For scientific study. RUO.,rtpeptide.com
BPC-157,Google Search,B,Buy BPC-157 Peptide,"Research-grade BPC-157, Healing & Repair catalogue. CoA per batch. Not for human use. Enquire.",rtpeptide.com
BPC-157,LinkedIn,A,BPC-157 — research peptide for lab study,Part of our Healing & Repair research catalogue. Supplied with CoA for qualified institutions. Research Use Only.,rtpeptide.com
BPC-157,Native,A,What researchers should know about BPC-157,"A look at BPC-157 (Healing & Repair) as a laboratory material — purity, documentation, and research framing. RUO.",rtpeptide.com
TB-500 (Thymosin Beta-4),Google Search,A,TB-500 (Thymosin Beta-4) Research Peptide,Lab-grade TB-500 (Thymosin Beta-4) (Healing & Repair). Purity documented per batch. For scientific study. RUO.,rtpeptide.com
TB-500 (Thymosin Beta-4),Google Search,B,Buy TB-500 (Thymosin Beta-4) Peptide,"Research-grade TB-500 (Thymosin Beta-4), Healing & Repair catalogue. CoA per batch. Not for human use. Enquire.",rtpeptide.com
TB-500 (Thymosin Beta-4),LinkedIn,A,TB-500 (Thymosin Beta-4) — research peptide for lab study,Part of our Healing & Repair research catalogue. Supplied with CoA for qualified institutions. Research Use Only.,rtpeptide.com
TB-500 (Thymosin Beta-4),Native,A,What researchers should know about TB-500 (Thymosin Beta-4),"A look at TB-500 (Thymosin Beta-4) (Healing & Repair) as a laboratory material — purity, documentation, and research framing. RUO.",rtpeptide.com
GHK-Cu,Google Search,A,GHK-Cu Research Peptide,Lab-grade GHK-Cu (Healing & Repair). Purity documented per batch. For scientific study. RUO.,rtpeptide.com
GHK-Cu,Google Search,B,Buy GHK-Cu Peptide,"Research-grade GHK-Cu, Healing & Repair catalogue. CoA per batch. Not for human use. Enquire.",rtpeptide.com
GHK-Cu,LinkedIn,A,GHK-Cu — research peptide for lab study,Part of our Healing & Repair research catalogue. Supplied with CoA for qualified institutions. Research Use Only.,rtpeptide.com
GHK-Cu,Native,A,What researchers should know about GHK-Cu,"A look at GHK-Cu (Healing & Repair) as a laboratory material — purity, documentation, and research framing. RUO.",rtpeptide.com
Epitalon (Epithalon),Google Search,A,Epitalon (Epithalon) Research Peptide,Lab-grade Epitalon (Epithalon) (Anti-Aging). Purity documented per batch. For scientific study. RUO.,rtpeptide.com
Epitalon (Epithalon),Google Search,B,Buy Epitalon (Epithalon) Peptide,"Research-grade Epitalon (Epithalon), Anti-Aging catalogue. CoA per batch. Not for human use. Enquire.",rtpeptide.com
Epitalon (Epithalon),LinkedIn,A,Epitalon (Epithalon) — research peptide for lab study,Part of our Anti-Aging research catalogue. Supplied with CoA for qualified institutions. Research Use Only.,rtpeptide.com
Epitalon (Epithalon),Native,A,What researchers should know about Epitalon (Epithalon),"A look at Epitalon (Epithalon) (Anti-Aging) as a laboratory material — purity, documentation, and research framing. RUO.",rtpeptide.com
MOTS-c,Google Search,A,MOTS-c Research Peptide,Lab-grade MOTS-c (Anti-Aging). Purity documented per batch. For scientific study. RUO.,rtpeptide.com
MOTS-c,Google Search,B,Buy MOTS-c Peptide,"Research-grade MOTS-c, Anti-Aging catalogue. CoA per batch. Not for human use. Enquire.",rtpeptide.com
MOTS-c,LinkedIn,A,MOTS-c — research peptide for lab study,Part of our Anti-Aging research catalogue. Supplied with CoA for qualified institutions. Research Use Only.,rtpeptide.com
MOTS-c,Native,A,What researchers should know about MOTS-c,"A look at MOTS-c (Anti-Aging) as a laboratory material — purity, documentation, and research framing. RUO.",rtpeptide.com
NAD+,Google Search,A,NAD+ Research Peptide,Lab-grade NAD+ (Anti-Aging). Purity documented per batch. For scientific study. RUO.,rtpeptide.com
NAD+,Google Search,B,Buy NAD+ Peptide,"Research-grade NAD+, Anti-Aging catalogue. CoA per batch. Not for human use. Enquire.",rtpeptide.com
NAD+,LinkedIn,A,NAD+ — research peptide for lab study,Part of our Anti-Aging research catalogue. Supplied with CoA for qualified institutions. Research Use Only.,rtpeptide.com
NAD+,Native,A,What researchers should know about NAD+,"A look at NAD+ (Anti-Aging) as a laboratory material — purity, documentation, and research framing. RUO.",rtpeptide.com
CJC-1295 (no DAC),Google Search,A,CJC-1295 (no DAC) Research Peptide,Lab-grade CJC-1295 (no DAC) (Growth Hormone). Purity documented per batch. For scientific study. RUO.,rtpeptide.com
CJC-1295 (no DAC),Google Search,B,Buy CJC-1295 (no DAC) Peptide,"Research-grade CJC-1295 (no DAC), Growth Hormone catalogue. CoA per batch. Not for human use. Enquire.",rtpeptide.com
CJC-1295 (no DAC),LinkedIn,A,CJC-1295 (no DAC) — research peptide for lab study,Part of our Growth Hormone research catalogue. Supplied with CoA for qualified institutions. Research Use Only.,rtpeptide.com
CJC-1295 (no DAC),Native,A,What researchers should know about CJC-1295 (no DAC),"A look at CJC-1295 (no DAC) (Growth Hormone) as a laboratory material — purity, documentation, and research framing. RUO.",rtpeptide.com
Ipamorelin,Google Search,A,Ipamorelin Research Peptide,Lab-grade Ipamorelin (Growth Hormone). Purity documented per batch. For scientific study. RUO.,rtpeptide.com
Ipamorelin,Google Search,B,Buy Ipamorelin Peptide,"Research-grade Ipamorelin, Growth Hormone catalogue. CoA per batch. Not for human use. Enquire.",rtpeptide.com
Ipamorelin,LinkedIn,A,Ipamorelin — research peptide for lab study,Part of our Growth Hormone research catalogue. Supplied with CoA for qualified institutions. Research Use Only.,rtpeptide.com
Ipamorelin,Native,A,What researchers should know about Ipamorelin,"A look at Ipamorelin (Growth Hormone) as a laboratory material — purity, documentation, and research framing. RUO.",rtpeptide.com
GHRP-6,Google Search,A,GHRP-6 Research Peptide,Lab-grade GHRP-6 (Growth Hormone). Purity documented per batch. For scientific study. RUO.,rtpeptide.com
GHRP-6,Google Search,B,Buy GHRP-6 Peptide,"Research-grade GHRP-6, Growth Hormone catalogue. CoA per batch. Not for human use. Enquire.",rtpeptide.com
GHRP-6,LinkedIn,A,GHRP-6 — research peptide for lab study,Part of our Growth Hormone research catalogue. Supplied with CoA for qualified institutions. Research Use Only.,rtpeptide.com
GHRP-6,Native,A,What researchers should know about GHRP-6,"A look at GHRP-6 (Growth Hormone) as a laboratory material — purity, documentation, and research framing. RUO.",rtpeptide.com
Semax,Google Search,A,Semax Research Peptide,Lab-grade Semax (Cognitive & Mood). Purity documented per batch. For scientific study. RUO.,rtpeptide.com
Semax,Google Search,B,Buy Semax Peptide,"Research-grade Semax, Cognitive & Mood catalogue. CoA per batch. Not for human use. Enquire.",rtpeptide.com
Semax,LinkedIn,A,Semax — research peptide for lab study,Part of our Cognitive & Mood research catalogue. Supplied with CoA for qualified institutions. Research Use Only.,rtpeptide.com
Semax,Native,A,What researchers should know about Semax,"A look at Semax (Cognitive & Mood) as a laboratory material — purity, documentation, and research framing. RUO.",rtpeptide.com
Selank,Google Search,A,Selank Research Peptide,Lab-grade Selank (Cognitive & Mood). Purity documented per batch. For scientific study. RUO.,rtpeptide.com
Selank,Google Search,B,Buy Selank Peptide,"Research-grade Selank, Cognitive & Mood catalogue. CoA per batch. Not for human use. Enquire.",rtpeptide.com
Selank,LinkedIn,A,Selank — research peptide for lab study,Part of our Cognitive & Mood research catalogue. Supplied with CoA for qualified institutions. Research Use Only.,rtpeptide.com
Selank,Native,A,What researchers should know about Selank,"A look at Selank (Cognitive & Mood) as a laboratory material — purity, documentation, and research framing. RUO.",rtpeptide.com
DSIP,Google Search,A,DSIP Research Peptide,Lab-grade DSIP (Sleep & Recovery). Purity documented per batch. For scientific study. RUO.,rtpeptide.com
DSIP,Google Search,B,Buy DSIP Peptide,"Research-grade DSIP, Sleep & Recovery catalogue. CoA per batch. Not for human use. Enquire.",rtpeptide.com
DSIP,LinkedIn,A,DSIP — research peptide for lab study,Part of our Sleep & Recovery research catalogue. Supplied with CoA for qualified institutions. Research Use Only.,rtpeptide.com
DSIP,Native,A,What researchers should know about DSIP,"A look at DSIP (Sleep & Recovery) as a laboratory material — purity, documentation, and research framing. RUO.",rtpeptide.com
Melanotan II,Google Search,A,Melanotan II Research Peptide,Lab-grade Melanotan II (Skin & Beauty). Purity documented per batch. For scientific study. RUO.,rtpeptide.com
Melanotan II,Google Search,B,Buy Melanotan II Peptide,"Research-grade Melanotan II, Skin & Beauty catalogue. CoA per batch. Not for human use. Enquire.",rtpeptide.com
Melanotan II,LinkedIn,A,Melanotan II — research peptide for lab study,Part of our Skin & Beauty research catalogue. Supplied with CoA for qualified institutions. Research Use Only.,rtpeptide.com
Melanotan II,Native,A,What researchers should know about Melanotan II,"A look at Melanotan II (Skin & Beauty) as a laboratory material — purity, documentation, and research framing. RUO.",rtpeptide.com
PT-141 (Bremelanotide),Google Search,A,PT-141 (Bremelanotide) Research Peptide,Lab-grade PT-141 (Bremelanotide) (Sexual Health). Purity documented per batch. For scientific study. RUO.,rtpeptide.com
PT-141 (Bremelanotide),Google Search,B,Buy PT-141 (Bremelanotide) Peptide,"Research-grade PT-141 (Bremelanotide), Sexual Health catalogue. CoA per batch. Not for human use. Enquire.",rtpeptide.com
PT-141 (Bremelanotide),LinkedIn,A,PT-141 (Bremelanotide) — research peptide for lab study,Part of our Sexual Health research catalogue. Supplied with CoA for qualified institutions. Research Use Only.,rtpeptide.com
PT-141 (Bremelanotide),Native,A,What researchers should know about PT-141 (Bremelanotide),"A look at PT-141 (Bremelanotide) (Sexual Health) as a laboratory material — purity, documentation, and research framing. RUO.",rtpeptide.com
KPV,Google Search,A,KPV Research Peptide,Lab-grade KPV (Healing & Repair). Purity documented per batch. For scientific study. RUO.,rtpeptide.com
KPV,Google Search,B,Buy KPV Peptide,"Research-grade KPV, Healing & Repair catalogue. CoA per batch. Not for human use. Enquire.",rtpeptide.com
KPV,LinkedIn,A,KPV — research peptide for lab study,Part of our Healing & Repair research catalogue. Supplied with CoA for qualified institutions. Research Use Only.,rtpeptide.com
KPV,Native,A,What researchers should know about KPV,"A look at KPV (Healing & Repair) as a laboratory material — purity, documentation, and research framing. RUO.",rtpeptide.com
LL-37,Google Search,A,LL-37 Research Peptide,Lab-grade LL-37 (Healing & Repair). Purity documented per batch. For scientific study. RUO.,rtpeptide.com
LL-37,Google Search,B,Buy LL-37 Peptide,"Research-grade LL-37, Healing & Repair catalogue. CoA per batch. Not for human use. Enquire.",rtpeptide.com
LL-37,LinkedIn,A,LL-37 — research peptide for lab study,Part of our Healing & Repair research catalogue. Supplied with CoA for qualified institutions. Research Use Only.,rtpeptide.com
LL-37,Native,A,What researchers should know about LL-37,"A look at LL-37 (Healing & Repair) as a laboratory material — purity, documentation, and research framing. RUO.",rtpeptide.com
AOD-9604,Google Search,A,AOD-9604 Research Peptide,Lab-grade AOD-9604 (Weight Management). Purity documented per batch. For scientific study. RUO.,rtpeptide.com
AOD-9604,Google Search,B,Buy AOD-9604 Peptide,"Research-grade AOD-9604, Weight Management catalogue. CoA per batch. Not for human use. Enquire.",rtpeptide.com
AOD-9604,LinkedIn,A,AOD-9604 — research peptide for lab study,Part of our Weight Management research catalogue. Supplied with CoA for qualified institutions. Research Use Only.,rtpeptide.com
AOD-9604,Native,A,What researchers should know about AOD-9604,"A look at AOD-9604 (Weight Management) as a laboratory material — purity, documentation, and research framing. RUO.",rtpeptide.com
